{
  "lang":"en",
  "pipeline":[
    "ner"
  ],
  "spacy_version":">=2.1.6",
  "speed":{
    "nwords":5819130,
    "cpu":16517.8176808759,
    "gpu":53619.7225485952
  },
  "accuracy":{
    "uas":0.0,
    "las":0.0,
    "ents_p":75.8699000198,
    "ents_r":73.2325569161,
    "ents_f":74.5279036389,
    "ents_per_type":{
      "Firstcap":{
        "p":1.7634585192,
        "r":14.703695156,
        "f":3.1492214135
      },
      "AllCaps":{
        "p":38.8800901532,
        "r":83.0735691276,
        "f":52.9694291435
      }
    },
    "tags_acc":0.0,
    "token_acc":77.6686721211
  },
  "vectors":{
    "width":0,
    "vectors":0,
    "keys":0,
    "name":"spacy_pretrained_vectors"
  },
  "name":"model0",
  "version":"0.0.0"
}