{
  "lang":"en",
  "pipeline":[
    "ner"
  ],
  "spacy_version":">=2.1.6",
  "speed":{
    "nwords":5258365,
    "cpu":14719.3177210509,
    "gpu":15028.1339056998
  },
  "accuracy":{
    "uas":0.0,
    "las":0.0,
    "ents_p":69.9966290951,
    "ents_r":58.5524680969,
    "ents_f":63.7651369245,
    "ents_per_type":{
      "Period":{
        "p":4.9119188998,
        "r":16.0795116526,
        "f":7.5250952515
      },
      "Comma":{
        "p":3.5055428919,
        "r":10.1175477069,
        "f":5.2069678595
      },
      "Colon":{
        "p":37.5,
        "r":51.9951264088,
        "f":43.5737077218
      },
      "QuestionMark":{
        "p":39.5005898545,
        "r":51.0287020574,
        "f":44.53064391
      }
    },
    "tags_acc":0.0,
    "token_acc":96.3864433146
  },
  "vectors":{
    "width":0,
    "vectors":0,
    "keys":0,
    "name":"spacy_pretrained_vectors"
  },
  "name":"model0",
  "version":"0.0.0"
}