{
  "lang":"en",
  "pipeline":[
    "ner"
  ],
  "spacy_version":">=2.1.6",
  "speed":{
    "nwords":5258365,
    "cpu":14899.7968746596,
    "gpu":14847.2897559704
  },
  "accuracy":{
    "uas":0.0,
    "las":0.0,
    "ents_p":70.2579361763,
    "ents_r":59.2561783931,
    "ents_f":64.289777426,
    "ents_per_type":{
      "Period":{
        "p":5.0488657089,
        "r":16.5658523976,
        "f":7.7390566647
      },
      "Comma":{
        "p":3.5836829837,
        "r":10.4506831623,
        "f":5.3371751922
      },
      "Colon":{
        "p":38.6013099514,
        "r":53.2342657343,
        "f":44.7519902021
      },
      "QuestionMark":{
        "p":39.6186440678,
        "r":51.3864601549,
        "f":44.7417074497
      }
    },
    "tags_acc":0.0,
    "token_acc":96.3864433146
  },
  "vectors":{
    "width":0,
    "vectors":0,
    "keys":0,
    "name":"spacy_pretrained_vectors"
  },
  "name":"model0",
  "version":"0.0.0"
}